Attribute,no,yes,total
no,1.0,-0.40130760108480734,0.945510070510079
yes,-0.40130760108480734,1.0,-0.08294016476976564
total,0.945510070510079,-0.08294016476976564,1.0
