Attribute,no,yes,total
no,1.0,-0.34309923758984645,0.8666666666666667
yes,-0.34309923758984645,1.0,-0.00836827408755723
total,0.8666666666666667,-0.00836827408755723,1.0
