Attribute,female,male,total
female,1.0,0.35,0.7666666666666667
male,0.35,1.0,0.7666666666666667
total,0.7666666666666667,0.7666666666666667,1.0
