Attribute,female,male,total
female,1.0,0.41291503867994067,0.9144464074898463
male,0.41291503867994067,1.0,0.7451149540140658
total,0.9144464074898463,0.7451149540140658,1.0
