Attribute,married,not married,total
married,1.0,-0.26138757407220087,0.8925247356367437
not married,-0.26138757407220087,1.0,0.20069242907353957
total,0.8925247356367437,0.20069242907353957,1.0
